Harmonic_Profile_Slot,Mapped_Symbols,Notes
I,"I,Imaj7,Imaj9,Imaj11,Imaj13,I6,Iadd9,Iadd11,Iadd13,Isus2,Isus4,I/^2,I/^3,I/^4,I/^5,I/^6,I/^7,Imaj7/^2,Imaj7/^3,Imaj7/^4,Imaj7/^5,Imaj7/^6,Imaj7/^7,Imaj9/^2,Imaj9/^3,Imaj9/^4,Imaj9/^5,Imaj9/^6,Imaj9/^7,Imaj9/^9,Imaj11/^2,Imaj11/^3,Imaj11/^4,Imaj11/^5,Imaj11/^6,Imaj11/^7,Imaj11/^9,Imaj11/^11,Imaj13/^2,Imaj13/^3,Imaj13/^4,Imaj13/^5,Imaj13/^6,Imaj13/^7,Imaj13/^9,Imaj13/^11,Imaj13/^13,I6/^2,I6/^3,I6/^4,I6/^5,I6/^6,I6/^7,Iadd9/^2,Iadd9/^3,Iadd9/^4,Iadd9/^5,Iadd9/^6,Iadd9/^7,Iadd9/^9,Isus2/^2,Isus2/^4,Isus2/^5,Isus2/^6,Isus2/^7,Isus4/^2,Isus4/^3,Isus4/^4,Isus4/^5,Isus4/^6,Isus4/^7","Major I chord with complete diatonic extensions. Unique overtone signature: perfect 4th/11th AND major 7th. Removed non-diatonic I+, I7, chromatic bass notes. All extensions from major scale only."
ii,"ii,ii7,ii9,ii11,ii13,iiadd9,iiadd11,iiadd13,iisus2,iisus4,ii/^1,ii/^2,ii/^3,ii/^4,ii/^5,ii/^6,ii/^7,ii7/^1,ii7/^2,ii7/^3,ii7/^4,ii7/^5,ii7/^6,ii7/^7,ii9/^1,ii9/^2,ii9/^3,ii9/^4,ii9/^5,ii9/^6,ii9/^7,ii9/^9,ii11/^1,ii11/^2,ii11/^3,ii11/^4,ii11/^5,ii11/^6,ii11/^7,ii11/^9,ii11/^11,ii13/^1,ii13/^2,ii13/^3,ii13/^4,ii13/^5,ii13/^6,ii13/^7,ii13/^9,ii13/^11,ii13/^13,iiadd9/^1,iiadd9/^2,iiadd9/^3,iiadd9/^4,iiadd9/^5,iiadd9/^6,iiadd9/^7,iiadd9/^9,iisus2/^1,iisus2/^2,iisus2/^4,iisus2/^5,iisus2/^6,iisus2/^7,iisus4/^1,iisus4/^2,iisus4/^3,iisus4/^4,iisus4/^5,iisus4/^6,iisus4/^7","Minor ii chord with all diatonic extensions. Essential for ii-V-I progressions. Standard min7 quality. All extensions from major scale perspective. Removed non-diatonic ii+, ii° variants."
iii,"iii,iii7,iii9,iii11,iii13,iiiadd9,iiiadd11,iiiadd13,iiisus2,iiisus4,iii/^1,iii/^2,iii/^3,iii/^4,iii/^5,iii/^6,iii/^7,iii7/^1,iii7/^2,iii7/^3,iii7/^4,iii7/^5,iii7/^6,iii7/^7,iii9/^1,iii9/^2,iii9/^3,iii9/^4,iii9/^5,iii9/^6,iii9/^7,iii9/^9,iii11/^1,iii11/^2,iii11/^3,iii11/^4,iii11/^5,iii11/^6,iii11/^7,iii11/^9,iii11/^11,iii13/^1,iii13/^2,iii13/^3,iii13/^4,iii13/^5,iii13/^6,iii13/^7,iii13/^9,iii13/^11,iii13/^13,iiiadd9/^1,iiiadd9/^2,iiiadd9/^3,iiiadd9/^4,iiiadd9/^5,iiiadd9/^6,iiiadd9/^7,iiiadd9/^9,iiisus2/^1,iiisus2/^2,iiisus2/^4,iiisus2/^5,iiisus2/^6,iiisus2/^7,iiisus4/^1,iiisus4/^2,iiisus4/^3,iiisus4/^4,iiisus4/^5,iiisus4/^6,iiisus4/^7","Minor iii chord with unique overtone signature: b2nd/11th AND perfect fifth. Only chord possessing both intervals. Standard min7 quality. Removed non-diatonic iii+ variations."
IV,"IV,IVmaj7,IVmaj9,IVmaj11,IVmaj13,IV6,IVadd9,IVadd11,IVadd13,IVsus2,IVsus4,IV/^1,IV/^2,IV/^3,IV/^4,IV/^5,IV/^6,IV/^7,IVmaj7/^1,IVmaj7/^2,IVmaj7/^3,IVmaj7/^4,IVmaj7/^5,IVmaj7/^6,IVmaj7/^7,IVmaj9/^1,IVmaj9/^2,IVmaj9/^3,IVmaj9/^4,IVmaj9/^5,IVmaj9/^6,IVmaj9/^7,IVmaj9/^9,IVmaj11/^1,IVmaj11/^2,IVmaj11/^3,IVmaj11/^4,IVmaj11/^5,IVmaj11/^6,IVmaj11/^7,IVmaj11/^9,IVmaj11/^11,IVmaj13/^1,IVmaj13/^2,IVmaj13/^3,IVmaj13/^4,IVmaj13/^5,IVmaj13/^6,IVmaj13/^7,IVmaj13/^9,IVmaj13/^11,IVmaj13/^13,IV6/^1,IV6/^2,IV6/^3,IV6/^4,IV6/^5,IV6/^6,IV6/^7,IVadd9/^1,IVadd9/^2,IVadd9/^3,IVadd9/^4,IVadd9/^5,IVadd9/^6,IVadd9/^7,IVadd9/^9,IVsus2/^1,IVsus2/^2,IVsus2/^4,IVsus2/^5,IVsus2/^6,IVsus2/^7,IVsus4/^1,IVsus4/^2,IVsus4/^3,IVsus4/^4,IVsus4/^5,IVsus4/^6,IVsus4/^7","Major IV chord with unique overtone signature: #4/11th (tritone) AND major 7th. Critical for plagal cadences. Lydian characteristic with raised 11th in some contexts. Removed non-diatonic IV+ variants."
V,"V,V7,V9,V11,V13,V6,Vadd9,Vadd11,Vadd13,Vsus2,Vsus4,V/^1,V/^2,V/^3,V/^4,V/^5,V/^6,V/^7,V7/^1,V7/^2,V7/^3,V7/^4,V7/^5,V7/^6,V7/^7,V9/^1,V9/^2,V9/^3,V9/^4,V9/^5,V9/^6,V9/^7,V9/^9,V11/^1,V11/^2,V11/^3,V11/^4,V11/^5,V11/^6,V11/^7,V11/^9,V11/^11,V13/^1,V13/^2,V13/^3,V13/^4,V13/^5,V13/^6,V13/^7,V13/^9,V13/^11,V13/^13,V6/^1,V6/^2,V6/^3,V6/^4,V6/^5,V6/^6,V6/^7,Vadd9/^1,Vadd9/^2,Vadd9/^3,Vadd9/^4,Vadd9/^5,Vadd9/^6,Vadd9/^7,Vadd9/^9,Vsus2/^1,Vsus2/^2,Vsus2/^4,Vsus2/^5,Vsus2/^6,Vsus2/^7,Vsus4/^1,Vsus4/^2,Vsus4/^3,Vsus4/^4,Vsus4/^5,Vsus4/^6,Vsus4/^7","Major V chord with unique overtone signature: b7th AND major 3rd (frames tritone). Primary dominant function. V7 is diatonic. Essential for authentic cadences and ii-V-I progressions."
vi,"vi,vi7,vi9,vi11,vi13,viadd9,viadd11,viadd13,visus2,visus4,vi/^1,vi/^2,vi/^3,vi/^4,vi/^5,vi/^6,vi/^7,vi7/^1,vi7/^2,vi7/^3,vi7/^4,vi7/^5,vi7/^6,vi7/^7,vi9/^1,vi9/^2,vi9/^3,vi9/^4,vi9/^5,vi9/^6,vi9/^7,vi9/^9,vi11/^1,vi11/^2,vi11/^3,vi11/^4,vi11/^5,vi11/^6,vi11/^7,vi11/^9,vi11/^11,vi13/^1,vi13/^2,vi13/^3,vi13/^4,vi13/^5,vi13/^6,vi13/^7,vi13/^9,vi13/^11,vi13/^13,viadd9/^1,viadd9/^2,viadd9/^3,viadd9/^4,viadd9/^5,viadd9/^6,viadd9/^7,viadd9/^9,visus2/^1,visus2/^2,visus2/^4,visus2/^5,visus2/^6,visus2/^7,visus4/^1,visus4/^2,visus4/^3,visus4/^4,visus4/^5,visus4/^6,visus4/^7","Minor vi chord with unique overtone signature: b6th AND natural 9th. Relative minor relationship to I. Essential for vi-IV-I-V progressions. Deceptive cadence destination."
viiø,"viiø,viiø7,viiø9,viiø11,viiø/^1,viiø/^2,viiø/^3,viiø/^4,viiø/^5,viiø/^6,viiø/^7,viiø7/^1,viiø7/^2,viiø7/^3,viiø7/^4,viiø7/^5,viiø7/^6,viiø7/^7,viiø9/^1,viiø9/^2,viiø9/^3,viiø9/^4,viiø9/^5,viiø9/^6,viiø9/^7,viiø9/^9,viiø11/^1,viiø11/^2,viiø11/^3,viiø11/^4,viiø11/^5,viiø11/^6,viiø11/^7,viiø11/^9,viiø11/^11","Half-diminished vii chord (B-D-F-A in C major). Leading tone function. viiø7 is diatonic. NOT fully diminished (vii°7 would have Ab, non-diatonic). Essential for smooth voice leading to I."
I7,"I7,I9,I11,I13,I7b9,I7#9,I7b5,I7#5,I7b13,I7alt,I7sus4,I7sus2,I7/^1,I7/^2,I7/^3,I7/^4,I7/^5,I7/^6,I7/^7,I7/^b2,I7/^#2,I7/^b3,I7/^#4,I7/^b6,I7/^#6,I7/^b7,I9/^1,I9/^2,I9/^3,I9/^4,I9/^5,I9/^6,I9/^7,I9/^b9,I9/^#9,I11/^1,I11/^2,I11/^3,I11/^4,I11/^5,I11/^6,I11/^7,I11/^#11,I13/^1,I13/^2,I13/^3,I13/^4,I13/^5,I13/^6,I13/^7,I13/^b13,I7b9/^1,I7b9/^2,I7b9/^3,I7b9/^4,I7b9/^5,I7b9/^6,I7b9/^7,I7#9/^1,I7#9/^2,I7#9/^3,I7#9/^4,I7#9/^5,I7#9/^6,I7#9/^7,I7sus4/^1,I7sus4/^2,I7sus4/^3,I7sus4/^4,I7sus4/^5,I7sus4/^6,I7sus4/^7","Applied dominant I7 (C7 in C major). Functions as V7/IV. Non-diatonic due to b7th. All dominant alterations permitted. NO major 7th chords. Chromatic bass notes allowed."
iiiø,"iiiø,iiiø7,iiiø9,iiiø11,iiiø/^1,iiiø/^2,iiiø/^3,iiiø/^4,iiiø/^5,iiiø/^6,iiiø/^7,iiiø/^b2,iiiø/^#2,iiiø/^b3,iiiø/^#4,iiiø/^b5,iiiø/^b6,iiiø/^#6,iiiø/^b7,iiiø7/^1,iiiø7/^2,iiiø7/^3,iiiø7/^4,iiiø7/^5,iiiø7/^6,iiiø7/^7,iiiø7/^b2,iiiø7/^#2,iiiø7/^b3,iiiø7/^#4,iiiø7/^b5,iiiø7/^b6,iiiø7/^#6,iiiø7/^b7,iiiø9/^1,iiiø9/^2,iiiø9/^3,iiiø9/^4,iiiø9/^5,iiiø9/^6,iiiø9/^7,iiiø9/^b9,iiiø9/^#9,iiiø11/^1,iiiø11/^2,iiiø11/^3,iiiø11/^4,iiiø11/^5,iiiø11/^6,iiiø11/^7,iiiø11/^#11","Applied half-diminished iii chord. Non-diatonic alteration of diatonic iii. Functions as viiø7/vi or ii7b5/ii. All diminished extensions permitted. Chromatic bass notes allowed."
II(7),"II7,II9,II11,II13,II7b9,II7#9,II7b5,II7#5,II7b13,II7alt,II7sus4,II7sus2,II/^1,II/^2,II/^3,II/^4,II/^5,II/^6,II/^7,II/^b2,II/^#2,II/^b3,II/^#4,II/^b5,II/^b6,II/^#6,II/^b7,II7/^1,II7/^2,II7/^3,II7/^4,II7/^5,II7/^6,II7/^7,II7/^b2,II7/^#2,II7/^b3,II7/^#4,II7/^b5,II7/^b6,II7/^#6,II7/^b7,II9/^1,II9/^2,II9/^3,II9/^4,II9/^5,II9/^6,II9/^7,II9/^b9,II9/^#9,II11/^1,II11/^2,II11/^3,II11/^4,II11/^5,II11/^6,II11/^7,II11/^#11,II13/^1,II13/^2,II13/^3,II13/^4,II13/^5,II13/^6,II13/^7,II13/^b13,II7sus4/^1,II7sus4/^2,II7sus4/^3,II7sus4/^4,II7sus4/^5,II7sus4/^6,II7sus4/^7","Secondary dominant II7 = V7/V (D7 in C major). Essential for tonicization of V. All dominant alterations and chromatic bass notes permitted. Major 3rd + b7th required."
#ivø,"#ivø,#ivø7,#ivø9,#ivø11,#ivø/^1,#ivø/^2,#ivø/^3,#ivø/^4,#ivø/^5,#ivø/^6,#ivø/^7,#ivø/^b2,#ivø/^#2,#ivø/^b3,#ivø/^#4,#ivø/^b5,#ivø/^b6,#ivø/^#6,#ivø/^b7,#ivø7/^1,#ivø7/^2,#ivø7/^3,#ivø7/^4,#ivø7/^5,#ivø7/^6,#ivø7/^7,#ivø7/^b2,#ivø7/^#2,#ivø7/^b3,#ivø7/^#4,#ivø7/^b5,#ivø7/^b6,#ivø7/^#6,#ivø7/^b7","Applied half-diminished #iv chord (F#ø7 in C major). Functions as viiø7/V. Leading tone chord to V. Non-diatonic due to #4. All diminished extensions permitted."
III(7),"III7,III9,III11,III13,III7b9,III7#9,III7b5,III7#5,III7b13,III7alt,III7sus4,III7sus2,III/^1,III/^2,III/^3,III/^4,III/^5,III/^6,III/^7,III/^b2,III/^#2,III/^b3,III/^#4,III/^b5,III/^b6,III/^#6,III/^b7,III7/^1,III7/^2,III7/^3,III7/^4,III7/^5,III7/^6,III7/^7,III7/^b2,III7/^#2,III7/^b3,III7/^#4,III7/^b5,III7/^b6,III7/^#6,III7/^b7,III9/^1,III9/^2,III9/^3,III9/^4,III9/^5,III9/^6,III9/^7,III9/^b9,III9/^#9,III11/^1,III11/^2,III11/^3,III11/^4,III11/^5,III11/^6,III11/^7,III11/^#11,III13/^1,III13/^2,III13/^3,III13/^4,III13/^5,III13/^6,III13/^7,III13/^b13","Secondary dominant III7 = V7/vi (E7 in C major). Tonicizes vi chord. Major III is non-diatonic. All dominant alterations permitted. Chromatic bass notes allowed."
#vº,"#vº,#vº7,#vº9,#vº11,#vº/^1,#vº/^2,#vº/^3,#vº/^4,#vº/^5,#vº/^6,#vº/^7,#vº/^b2,#vº/^#2,#vº/^b3,#vº/^#4,#vº/^b5,#vº/^b6,#vº/^#6,#vº/^b7,#vº7/^1,#vº7/^2,#vº7/^3,#vº7/^4,#vº7/^5,#vº7/^6,#vº7/^7,#vº7/^b2,#vº7/^#2,#vº7/^b3,#vº7/^#4,#vº7/^b5,#vº7/^b6,#vº7/^#6,#vº7/^b7","Applied fully diminished #v chord. Functions as leading tone to vi. Contains diminished 7th interval (double-flat note). All diminished extensions permitted. Chromatic bass notes allowed."
VI(7),"VI7,VI9,VI11,VI13,VI7b9,VI7#9,VI7b5,VI7#5,VI7b13,VI7alt,VI7sus4,VI7sus2,VI/^1,VI/^2,VI/^3,VI/^4,VI/^5,VI/^6,VI/^7,VI/^b2,VI/^#2,VI/^b3,VI/^#4,VI/^b5,VI/^b6,VI/^#6,VI/^b7,VI7/^1,VI7/^2,VI7/^3,VI7/^4,VI7/^5,VI7/^6,VI7/^7,VI7/^b2,VI7/^#2,VI7/^b3,VI7/^#4,VI7/^b5,VI7/^b6,VI7/^#6,VI7/^b7,VI9/^1,VI9/^2,VI9/^3,VI9/^4,VI9/^5,VI9/^6,VI9/^7,VI9/^b9,VI9/^#9,VI11/^1,VI11/^2,VI11/^3,VI11/^4,VI11/^5,VI11/^6,VI11/^7,VI11/^#11,VI13/^1,VI13/^2,VI13/^3,VI13/^4,VI13/^5,VI13/^6,VI13/^7,VI13/^b13","Secondary dominant VI7 = V7/ii (A7 in C major). Tonicizes ii chord. Major VI is non-diatonic. Essential for ii-V progressions in ii. All dominant alterations permitted."
#iº,"#iº,#iº7,#iº9,#iº11,#iº/^1,#iº/^2,#iº/^3,#iº/^4,#iº/^5,#iº/^6,#iº/^7,#iº/^b2,#iº/^#2,#iº/^b3,#iº/^#4,#iº/^b5,#iº/^b6,#iº/^#6,#iº/^b7,#iº7/^1,#iº7/^2,#iº7/^3,#iº7/^4,#iº7/^5,#iº7/^6,#iº7/^7,#iº7/^b2,#iº7/^#2,#iº7/^b3,#iº7/^#4,#iº7/^b5,#iº7/^b6,#iº7/^#6,#iº7/^b7","Applied fully diminished #i chord. Functions as leading tone to ii. Chromatic passing chord. Non-diatonic due to #1. All diminished extensions permitted."
VII(7),"VII7,VII9,VII11,VII13,VII7b9,VII7#9,VII7b5,VII7#5,VII7b13,VII7alt,VII7sus4,VII7sus2,VII/^1,VII/^2,VII/^3,VII/^4,VII/^5,VII/^6,VII/^7,VII/^b2,VII/^#2,VII/^b3,VII/^#4,VII/^b5,VII/^b6,VII/^#6,VII/^b7,VII7/^1,VII7/^2,VII7/^3,VII7/^4,VII7/^5,VII7/^6,VII7/^7,VII7/^b2,VII7/^#2,VII7/^b3,VII7/^#4,VII7/^b5,VII7/^b6,VII7/^#6,VII7/^b7,VII9/^1,VII9/^2,VII9/^3,VII9/^4,VII9/^5,VII9/^6,VII9/^7,VII9/^b9,VII9/^#9,VII11/^1,VII11/^2,VII11/^3,VII11/^4,VII11/^5,VII11/^6,VII11/^7,VII11/^#11,VII13/^1,VII13/^2,VII13/^3,VII13/^4,VII13/^5,VII13/^6,VII13/^7,VII13/^b13","Secondary dominant VII7 = V7/iii (B7 in C major). Tonicizes iii chord. Major VII is non-diatonic. Less common but theoretically valid. All dominant alterations permitted."
#iiº,"#iiº,#iiº7,#iiº9,#iiº11,#iiº/^1,#iiº/^2,#iiº/^3,#iiº/^4,#iiº/^5,#iiº/^6,#iiº/^7,#iiº/^b2,#iiº/^#2,#iiº/^b3,#iiº/^#4,#iiº/^b5,#iiº/^b6,#iiº/^#6,#iiº/^b7,#iiº7/^1,#iiº7/^2,#iiº7/^3,#iiº7/^4,#iiº7/^5,#iiº7/^6,#iiº7/^7,#iiº7/^b2,#iiº7/^#2,#iiº7/^b3,#iiº7/^#4,#iiº7/^b5,#iiº7/^b6,#iiº7/^#6,#iiº7/^b7","Applied fully diminished #ii chord. Functions as leading tone to iii. Chromatic passing function. Non-diatonic due to #2. All diminished extensions permitted."
V(7),"V,V7,V9,V11,V13,V7b9,V7#9,V7b5,V7#5,V7b13,V6,Vadd9,Vsus2,Vsus4,V/^1,V/^2,V/^b3,V/^4,V/^5,V/^b6,V/^6,V/^b7,V/^7,V7/^1,V7/^2,V7/^b3,V7/^4,V7/^5,V7/^b6,V7/^6,V7/^b7,V7/^7,V9/^1,V9/^2,V9/^b3,V9/^4,V9/^5,V9/^b6,V9/^6,V9/^b7,V9/^7,V9/^b9,V9/^9,V11/^1,V11/^2,V11/^b3,V11/^4,V11/^5,V11/^b6,V11/^6,V11/^b7,V11/^7,V11/^11,V13/^1,V13/^2,V13/^b3,V13/^4,V13/^5,V13/^b6,V13/^6,V13/^b7,V13/^7,V13/^b13,V13/^13,V7b9/^1,V7b9/^2,V7b9/^b3,V7b9/^4,V7b9/^5,V7b9/^b6,V7b9/^6,V7b9/^b7,V7b9/^7","Dominant V chord in minor key from harmonic minor (raised ^7). Essential for V-i authentic cadence. V7b9 common due to harmonic minor's b2 interval. Bass notes from combined minor scales (1,2,b3,4,5,b6,6,b7,7)."
viiº,"viiº,viiº7,viiº9,viiº11,viiº/^1,viiº/^2,viiº/^b3,viiº/^4,viiº/^5,viiº/^b6,viiº/^6,viiº/^b7,viiº/^7,viiº7/^1,viiº7/^2,viiº7/^b3,viiº7/^4,viiº7/^5,viiº7/^b6,viiº7/^6,viiº7/^b7,viiº7/^7,viiº9/^1,viiº9/^2,viiº9/^b3,viiº9/^4,viiº9/^5,viiº9/^b6,viiº9/^6,viiº9/^b7,viiº9/^7,viiº9/^b9,viiº9/^9,viiº11/^1,viiº11/^2,viiº11/^b3,viiº11/^4,viiº11/^5,viiº11/^b6,viiº11/^6,viiº11/^b7,viiº11/^7,viiº11/^11","Fully diminished vii chord from harmonic minor. Contains diminished 7th (G#-F in A minor). Strong leading tone function to i. Different from major key viiø. Bass notes from combined minor scales."
i,"i,i7,imaj7,i9,i11,i13,ib13,i6,ib6,iadd9,iadd11,iadd13,isus2,isus4,i/^1,i/^2,i/^b3,i/^4,i/^5,i/^b6,i/^6,i/^b7,i/^7,i7/^1,i7/^2,i7/^b3,i7/^4,i7/^5,i7/^b6,i7/^6,i7/^b7,i7/^7,imaj7/^1,imaj7/^2,imaj7/^b3,imaj7/^4,imaj7/^5,imaj7/^b6,imaj7/^6,imaj7/^b7,imaj7/^7,i9/^1,i9/^2,i9/^b3,i9/^4,i9/^5,i9/^b6,i9/^6,i9/^b7,i9/^7,i9/^9,i11/^1,i11/^2,i11/^b3,i11/^4,i11/^5,i11/^b6,i11/^6,i11/^b7,i11/^7,i11/^9,i11/^11,i13/^1,i13/^2,i13/^b3,i13/^4,i13/^5,i13/^b6,i13/^6,i13/^b7,i13/^7,i13/^9,i13/^11,i13/^13,ib13/^1,ib13/^2,ib13/^b3,ib13/^4,ib13/^5,ib13/^b6,ib13/^6,ib13/^b7,ib13/^7,ib13/^9,ib13/^11,ib13/^b13,i6/^1,i6/^2,i6/^b3,i6/^4,i6/^5,i6/^b6,i6/^6,i6/^b7,i6/^7,ib6/^1,ib6/^2,ib6/^b3,ib6/^4,ib6/^5,ib6/^b6,ib6/^6,ib6/^b7,ib6/^7,iadd9/^1,iadd9/^2,iadd9/^b3,iadd9/^4,iadd9/^5,iadd9/^b6,iadd9/^6,iadd9/^b7,iadd9/^7,iadd9/^9,isus2/^1,isus2/^2,isus2/^4,isus2/^5,isus2/^b6,isus2/^6,isus2/^b7,isus2/^7,isus4/^1,isus4/^2,isus4/^b3,isus4/^4,isus4/^5,isus4/^b6,isus4/^6,isus4/^b7,isus4/^7","Minor tonic with permutations from all three minor scales. i7 (natural minor), imaj7 (melodic minor), i6/ib6 (natural/melodic). Bass notes from scale degree union (1,2,b3,4,5,b6,6,b7,7). Central to minor key harmony."
iiø,"iiø,iiø7,iiø9,iiø11,iiø/^1,iiø/^2,iiø/^b3,iiø/^4,iiø/^5,iiø/^b6,iiø/^6,iiø/^b7,iiø/^7,iiø7/^1,iiø7/^2,iiø7/^b3,iiø7/^4,iiø7/^5,iiø7/^b6,iiø7/^6,iiø7/^b7,iiø7/^7,iiø9/^1,iiø9/^2,iiø9/^b3,iiø9/^4,iiø9/^5,iiø9/^b6,iiø9/^6,iiø9/^b7,iiø9/^7,iiø9/^9,iiø11/^1,iiø11/^2,iiø11/^b3,iiø11/^4,iiø11/^5,iiø11/^b6,iiø11/^6,iiø11/^b7,iiø11/^7,iiø11/^11","Half-diminished ii chord from natural minor. Essential for iiø-V-i progressions in minor. Contains b5 interval characteristic of minor key harmony. Bass notes from combined minor scales."
bIII,"bIII,bIIImaj7,bIIImaj9,bIIImaj11,bIIImaj13,bIII6,bIIIadd9,bIIIadd11,bIIIadd13,bIIIsus2,bIIIsus4,bIII/^1,bIII/^2,bIII/^b3,bIII/^4,bIII/^5,bIII/^b6,bIII/^6,bIII/^b7,bIII/^7,bIIImaj7/^1,bIIImaj7/^2,bIIImaj7/^b3,bIIImaj7/^4,bIIImaj7/^5,bIIImaj7/^b6,bIIImaj7/^6,bIIImaj7/^b7,bIIImaj7/^7,bIIImaj9/^1,bIIImaj9/^2,bIIImaj9/^b3,bIIImaj9/^4,bIIImaj9/^5,bIIImaj9/^b6,bIIImaj9/^6,bIIImaj9/^b7,bIIImaj9/^7,bIIImaj9/^9,bIIImaj11/^1,bIIImaj11/^2,bIIImaj11/^b3,bIIImaj11/^4,bIIImaj11/^5,bIIImaj11/^b6,bIIImaj11/^6,bIIImaj11/^b7,bIIImaj11/^7,bIIImaj11/^9,bIIImaj11/^11,bIIImaj13/^1,bIIImaj13/^2,bIIImaj13/^b3,bIIImaj13/^4,bIIImaj13/^5,bIIImaj13/^b6,bIIImaj13/^6,bIIImaj13/^b7,bIIImaj13/^7,bIIImaj13/^9,bIIImaj13/^11,bIIImaj13/^13,bIII6/^1,bIII6/^2,bIII6/^b3,bIII6/^4,bIII6/^5,bIII6/^b6,bIII6/^6,bIII6/^b7,bIII6/^7,bIIIadd9/^1,bIIIadd9/^2,bIIIadd9/^b3,bIIIadd9/^4,bIIIadd9/^5,bIIIadd9/^b6,bIIIadd9/^6,bIIIadd9/^b7,bIIIadd9/^7,bIIIadd9/^9,bIIIsus2/^1,bIIIsus2/^2,bIIIsus2/^4,bIIIsus2/^5,bIIIsus2/^b6,bIIIsus2/^6,bIIIsus2/^b7,bIIIsus2/^7,bIIIsus4/^1,bIIIsus4/^2,bIIIsus4/^b3,bIIIsus4/^4,bIIIsus4/^5,bIIIsus4/^b6,bIIIsus4/^6,bIIIsus4/^b7,bIIIsus4/^7","Major bIII chord from natural minor (Eb in C minor). Relative major of minor key. Essential for bIII-bVI-bVII-i progressions. Major quality distinguishes from major key iii."
iv,"iv,iv7,ivmaj7,iv9,iv11,iv13,ivadd9,ivadd11,ivadd13,ivsus2,ivsus4,iv/^1,iv/^2,iv/^b3,iv/^4,iv/^5,iv/^b6,iv/^6,iv/^b7,iv/^7,iv7/^1,iv7/^2,iv7/^b3,iv7/^4,iv7/^5,iv7/^b6,iv7/^6,iv7/^b7,iv7/^7,ivmaj7/^1,ivmaj7/^2,ivmaj7/^b3,ivmaj7/^4,ivmaj7/^5,ivmaj7/^b6,ivmaj7/^6,ivmaj7/^b7,ivmaj7/^7,iv9/^1,iv9/^2,iv9/^b3,iv9/^4,iv9/^5,iv9/^b6,iv9/^6,iv9/^b7,iv9/^7,iv9/^9,iv11/^1,iv11/^2,iv11/^b3,iv11/^4,iv11/^5,iv11/^b6,iv11/^6,iv11/^b7,iv11/^7,iv11/^9,iv11/^11,iv13/^1,iv13/^2,iv13/^b3,iv13/^4,iv13/^5,iv13/^b6,iv13/^6,iv13/^b7,iv13/^7,iv13/^9,iv13/^11,iv13/^13,ivadd9/^1,ivadd9/^2,ivadd9/^b3,ivadd9/^4,ivadd9/^5,ivadd9/^b6,ivadd9/^6,ivadd9/^b7,ivadd9/^7,ivadd9/^9,ivsus2/^1,ivsus2/^2,ivsus2/^4,ivsus2/^5,ivsus2/^b6,ivsus2/^6,ivsus2/^b7,ivsus2/^7,ivsus4/^1,ivsus4/^2,ivsus4/^b3,ivsus4/^4,ivsus4/^5,ivsus4/^b6,ivsus4/^6,ivsus4/^b7,ivsus4/^7","Minor iv chord from natural/harmonic minor. ivmaj7 possible from melodic minor. Plagal cadence in minor (iv-i). Distinguished from major key IV. Bass notes from combined minor scales."
v,"v,v7,v9,v11,v13,vadd9,vadd11,vadd13,vsus2,vsus4,v/^1,v/^2,v/^b3,v/^4,v/^5,v/^b6,v/^6,v/^b7,v/^7,v7/^1,v7/^2,v7/^b3,v7/^4,v7/^5,v7/^b6,v7/^6,v7/^b7,v7/^7,v9/^1,v9/^2,v9/^b3,v9/^4,v9/^5,v9/^b6,v9/^6,v9/^b7,v9/^7,v9/^9,v11/^1,v11/^2,v11/^b3,v11/^4,v11/^5,v11/^b6,v11/^6,v11/^b7,v11/^7,v11/^9,v11/^11,v13/^1,v13/^2,v13/^b3,v13/^4,v13/^5,v13/^b6,v13/^6,v13/^b7,v13/^7,v13/^9,v13/^11,v13/^13,vadd9/^1,vadd9/^2,vadd9/^b3,vadd9/^4,vadd9/^5,vadd9/^b6,vadd9/^6,vadd9/^b7,vadd9/^7,vadd9/^9,vsus2/^1,vsus2/^2,vsus2/^4,vsus2/^5,vsus2/^b6,vsus2/^6,vsus2/^b7,vsus2/^7,vsus4/^1,vsus4/^2,vsus4/^b3,vsus4/^4,vsus4/^5,vsus4/^b6,vsus4/^6,vsus4/^b7,vsus4/^7","Minor v chord from natural minor (Gm in C minor). Contrasts with V(7) from harmonic minor. Modal v-i cadence. Less leading tone tension than V-i. Bass notes from combined minor scales."
bVI,"bVI,bVImaj7,bVImaj9,bVImaj11,bVImaj13,bVI6,bVIadd9,bVIadd11,bVIadd13,bVIsus2,bVIsus4,bVI/^1,bVI/^2,bVI/^b3,bVI/^4,bVI/^5,bVI/^b6,bVI/^6,bVI/^b7,bVI/^7,bVImaj7/^1,bVImaj7/^2,bVImaj7/^b3,bVImaj7/^4,bVImaj7/^5,bVImaj7/^b6,bVImaj7/^6,bVImaj7/^b7,bVImaj7/^7,bVImaj9/^1,bVImaj9/^2,bVImaj9/^b3,bVImaj9/^4,bVImaj9/^5,bVImaj9/^b6,bVImaj9/^6,bVImaj9/^b7,bVImaj9/^7,bVImaj9/^9,bVImaj11/^1,bVImaj11/^2,bVImaj11/^b3,bVImaj11/^4,bVImaj11/^5,bVImaj11/^b6,bVImaj11/^6,bVImaj11/^b7,bVImaj11/^7,bVImaj11/^9,bVImaj11/^11,bVImaj13/^1,bVImaj13/^2,bVImaj13/^b3,bVImaj13/^4,bVImaj13/^5,bVImaj13/^b6,bVImaj13/^6,bVImaj13/^b7,bVImaj13/^7,bVImaj13/^9,bVImaj13/^11,bVImaj13/^13,bVI6/^1,bVI6/^2,bVI6/^b3,bVI6/^4,bVI6/^5,bVI6/^b6,bVI6/^6,bVI6/^b7,bVI6/^7,bVIadd9/^1,bVIadd9/^2,bVIadd9/^b3,bVIadd9/^4,bVIadd9/^5,bVIadd9/^b6,bVIadd9/^6,bVIadd9/^b7,bVIadd9/^7,bVIadd9/^9,bVIsus2/^1,bVIsus2/^2,bVIsus2/^4,bVIsus2/^5,bVIsus2/^b6,bVIsus2/^6,bVIsus2/^b7,bVIsus2/^7,bVIsus4/^1,bVIsus4/^2,bVIsus4/^b3,bVIsus4/^4,bVIsus4/^5,bVIsus4/^b6,bVIsus4/^6,bVIsus4/^b7,bVIsus4/^7","Major bVI chord from natural minor (Ab in C minor). Essential for bVI-bVII-i progressions. Modal mixture when borrowed into major key. Characteristic of minor key tonality."
bVII,"bVII,bVII7,bVIImaj7,bVII9,bVII11,bVII13,bVII6,bVIIadd9,bVIIadd11,bVIIadd13,bVIIsus2,bVIIsus4,bVII/^1,bVII/^2,bVII/^b3,bVII/^4,bVII/^5,bVII/^b6,bVII/^6,bVII/^b7,bVII/^7,bVII7/^1,bVII7/^2,bVII7/^b3,bVII7/^4,bVII7/^5,bVII7/^b6,bVII7/^6,bVII7/^b7,bVII7/^7,bVIImaj7/^1,bVIImaj7/^2,bVIImaj7/^b3,bVIImaj7/^4,bVIImaj7/^5,bVIImaj7/^b6,bVIImaj7/^6,bVIImaj7/^b7,bVIImaj7/^7,bVII9/^1,bVII9/^2,bVII9/^b3,bVII9/^4,bVII9/^5,bVII9/^b6,bVII9/^6,bVII9/^b7,bVII9/^7,bVII9/^9,bVII11/^1,bVII11/^2,bVII11/^b3,bVII11/^4,bVII11/^5,bVII11/^b6,bVII11/^6,bVII11/^b7,bVII11/^7,bVII11/^9,bVII11/^11,bVII13/^1,bVII13/^2,bVII13/^b3,bVII13/^4,bVII13/^5,bVII13/^b6,bVII13/^6,bVII13/^b7,bVII13/^7,bVII13/^9,bVII13/^11,bVII13/^13,bVII6/^1,bVII6/^2,bVII6/^b3,bVII6/^4,bVII6/^5,bVII6/^b6,bVII6/^6,bVII6/^b7,bVII6/^7,bVIIadd9/^1,bVIIadd9/^2,bVIIadd9/^b3,bVIIadd9/^4,bVIIadd9/^5,bVIIadd9/^b6,bVIIadd9/^6,bVIIadd9/^b7,bVIIadd9/^7,bVIIadd9/^9,bVIIsus2/^1,bVIIsus2/^2,bVIIsus2/^4,bVIIsus2/^5,bVIIsus2/^b6,bVIIsus2/^6,bVIIsus2/^b7,bVIIsus2/^7,bVIIsus4/^1,bVIIsus4/^2,bVIIsus4/^b3,bVIIsus4/^4,bVIIsus4/^5,bVIIsus4/^b6,bVIIsus4/^6,bVIIsus4/^b7,bVIIsus4/^7","Major bVII chord from natural minor (Bb in C minor). Subtonic function - steps down to tonic. bVII7 can be dom7. Essential for modal progressions and rock harmony."
Other,"It+6,Fr+6,Ger+6,N6,Tristan,Eng+6,bII6,CT+7,bII+6,IVM7#11,bV7,sub+6,Myst,BACH,All+6,Neap6,dim/wht,Petr,h-wht,Rite,Salome,Elektra,PolyCh,BiTon,Octat,ChromMed,mxLyd,DoubLead,Comm7","Academic edge cases and advanced harmonic structures: It+6 (Italian augmented 6th - Puccini examples), Fr+6 (French aug6 - Debussy), Ger+6 (German aug6 - Beethoven Sym 9), N6 (Neapolitan - Chopin), Tristan (Wagner half-dim resolution), CT+7 (Common tone aug7), Myst (Scriabin Mystic chord), BACH motif, Petr (Petrushka chord), ChromMed (Chromatic mediants), PolyCh (Polychords), BiTon (Bitonal structures), Octat (Octatonic collections), dim/wht (Diminished-whole tone), h-wht (Half-whole scales), Rite/Salome/Elektra (Specific 20th century sonorities), DoubLead (Double leading tone), Comm7 (Common tone 7th). See Kostka-Payne Tonal Harmony, Schoenberg Theory of Harmony, When in Rome Corpus academic analyses."